-169,-169,2325,-166,183,2327,-173,187,2329,0,1,0
-163,-163,2332,-176,197,2333,-169,188,2331,0,1,0
-171,-171,2333,-167,181,2330,-169,191,2333,0,1,0
-170,-170,2331,-171,180,2330,-173,175,2333,0,1,0
-168,-168,2329,-163,171,2326,-166,186,2336,0,1,0
-168,-168,2328,-166,188,2329,-169,198,2323,0,1,0
-166,-166,2327,-165,192,2331,-166,189,2329,0,1,0
-172,-172,2338,-162,186,2338,-167,187,2322,0,1,0
-177,-177,2331,-174,183,2338,-172,182,2333,0,1,0
-167,-167,2336,-166,181,2337,-165,183,2331,0,1,0
-179,-179,2335,-177,190,2333,-171,171,2330,0,1,0
-170,-170,2333,-167,195,2337,-163,191,2336,0,1,0
-170,-170,2316,-165,186,2335,-172,181,2334,0,1,0
-170,-170,2332,-163,179,2325,-170,173,2328,0,1,0
-163,-163,2331,-177,189,2334,-175,191,2331,0,1,0
-172,-172,2328,-166,174,2330,-169,175,2332,0,1,0
-167,-167,2334,-167,201,2327,-170,200,2341,0,1,0
-167,-167,2338,-174,197,2337,-161,183,2333,0,1,0
-171,-171,2325,-166,202,2334,-162,188,2332,0,1,0
-168,-168,2333,-169,183,2333,-168,193,2327,0,1,0
-167,-167,2327,-165,185,2330,-168,187,2329,0,1,0
-176,-176,2337,-167,185,2330,-176,184,2335,0,1,0
-167,-167,2326,-165,177,2333,-166,184,2341,0,1,0
-169,-169,2335,-169,196,2341,-172,188,2323,0,1,0
-165,-165,2326,-176,181,2338,-172,176,2329,0,1,0
-171,-171,2320,-167,203,2339,-173,190,2330,0,1,0
-186,-186,2330,-177,194,2340,-170,179,2331,0,1,0
-165,-165,2331,-164,181,2334,-168,198,2329,0,1,0
-170,-170,2322,-168,187,2328,-171,198,2332,0,1,0
-166,-166,2320,-167,194,2334,-169,178,2330,0,1,0
-170,-170,2329,-171,194,2327,-162,197,2319,0,1,0
-169,-169,2322,-176,187,2321,-174,190,2335,0,1,0
-169,-169,2327,-174,189,2325,-165,198,2322,0,1,0
-167,-167,2320,-165,185,2325,-174,192,2326,0,1,0
-174,-174,2329,-175,184,2334,-166,179,2336,0,1,0
-173,-173,2324,-174,192,2336,-171,191,2332,0,1,0
-172,-172,2326,-176,190,2331,-170,186,2326,0,1,0
-171,-171,2335,-176,183,2324,-175,195,2329,0,1,0
-173,-173,2323,-173,189,2332,-174,182,2332,0,1,0
-172,-172,2329,-175,200,2334,-172,196,2327,0,1,0
-167,-167,2338,-164,179,2327,-171,183,2327,0,1,0
-171,-171,2326,-167,189,2334,-172,180,2329,0,1,0
-175,-175,2336,-171,197,2327,-174,187,2331,0,1,0
-168,-168,2329,-165,194,2333,-167,188,2331,0,1,0
-168,-168,2334,-167,193,2319,-167,191,2322,0,1,0
-176,-176,2327,-168,184,2327,-167,197,2332,0,1,0
-162,-162,2324,-170,185,2333,-166,199,2330,0,1,0
-167,-167,2317,-178,182,2334,-170,177,2329,0,1,0
-171,-171,2324,-168,182,2329,-169,199,2330,0,1,0
-170,-170,2334,-177,194,2337,-176,173,2329,0,1,0
-169,-169,2339,-177,195,2330,-174,204,2333,0,1,0
-166,-166,2333,-169,185,2325,-164,201,2337,0,1,0
-165,-165,2336,-173,194,2339,-166,190,2327,0,1,0
-164,-164,2332,-177,194,2329,-174,196,2330,0,1,0
-170,-170,2331,-170,182,2330,-173,194,2328,0,1,0
-173,-173,2325,-180,183,2324,-168,189,2328,0,1,0
-170,-170,2328,-170,185,2329,-178,184,2321,0,1,0
-174,-174,2319,-170,177,2331,-168,189,2321,0,1,0
-176,-176,2333,-182,194,2331,-170,203,2323,0,1,0
-170,-170,2329,-167,190,2325,-175,194,2332,0,1,0
-169,-169,2336,-184,192,2328,-166,195,2331,0,1,0
-171,-171,2332,-177,188,2329,-183,181,2324,0,1,0
-175,-175,2321,-173,190,2328,-175,199,2324,0,1,0
-177,-177,2325,-175,198,2335,-174,192,2333,0,1,0
-176,-176,2336,-167,189,2329,-171,190,2331,0,1,0
-177,-177,2329,-172,188,2331,-169,185,2329,0,1,0
-177,-177,2334,-171,182,2330,-167,172,2334,0,1,0
-170,-170,2335,-174,188,2323,-176,184,2325,0,1,0
-177,-177,2326,-171,196,2329,-172,184,2328,0,1,0
-179,-179,2329,-175,186,2327,-175,187,2338,0,1,0
-178,-178,2330,-180,191,2330,-178,192,2330,0,1,0
-181,-181,2330,-175,186,2330,-180,177,2336,0,1,0
-169,-169,2332,-181,184,2328,-182,187,2327,0,1,0
-177,-177,2327,-172,178,2331,-173,195,2332,0,1,0
-167,-167,2332,-166,181,2315,-164,185,2320,0,1,0
-166,-166,2323,-171,191,2320,-167,182,2325,0,1,0
-168,-168,2319,-173,177,2314,-170,190,2317,0,1,0
-180,-180,2327,-174,190,2333,-175,184,2330,0,1,0
-171,-171,2331,-178,192,2323,-171,184,2326,0,1,0
-165,-165,2331,-171,184,2329,-169,181,2325,0,1,0
-173,-173,2330,-174,186,2326,-167,176,2321,0,1,0
-169,-169,2316,-164,189,2324,-166,189,2329,0,1,0
-172,-172,2319,-173,182,2330,-176,188,2323,0,1,0
-167,-167,2336,-166,192,2326,-172,188,2323,0,1,0
-173,-173,2323,-163,173,2328,-168,202,2334,0,1,0
-169,-169,2329,-174,185,2334,-173,182,2334,0,1,0
-169,-169,2337,-165,165,2331,-172,173,2323,0,1,0
-167,-167,2337,-162,186,2323,-166,179,2318,0,1,0
-170,-170,2333,-169,188,2330,-172,196,2331,0,1,0
-174,-174,2331,-166,186,2344,-169,182,2323,0,1,0
-171,-171,2328,-167,195,2321,-172,192,2335,0,1,0
-164,-164,2328,-165,189,2334,-171,207,2327,0,1,0
-178,-178,2336,-168,185,2330,-168,180,2327,0,1,0
-172,-172,2334,-170,188,2325,-165,174,2329,0,1,0
-178,-178,2327,-172,193,2331,-171,191,2336,0,1,0
-175,-175,2323,-178,187,2321,-178,194,2331,0,1,0
-180,-180,2327,-169,194,2325,-169,197,2324,0,1,0
-168,-168,2322,-170,184,2326,-163,187,2322,0,1,0
-169,-169,2333,-171,190,2333,-168,196,2329,0,1,0
-171,-171,2328,-163,185,2336,-168,181,2325,0,1,0
-167,-167,2328,-169,190,2328,-163,199,2335,0,1,0
-176,-176,2324,-167,188,2327,-166,197,2319,0,1,0
-172,-172,2337,-180,180,2323,-172,184,2324,0,1,0
-172,-172,2322,-180,178,2337,-169,189,2325,0,1,0
-165,-165,2321,-172,181,2331,-166,182,2326,0,1,0
-169,-169,2337,-168,189,2326,-175,189,2335,0,1,0
-170,-170,2327,-174,188,2323,-169,184,2335,0,1,0
-171,-171,2325,-176,191,2328,-165,180,2334,0,1,0
-167,-167,2320,-168,180,2317,-163,188,2331,0,1,0
-171,-171,2334,-174,188,2332,-175,182,2331,0,1,0
-179,-179,2332,-175,193,2325,-166,188,2331,0,1,0
-173,-173,2334,-167,189,2325,-172,189,2322,0,1,0
-167,-167,2324,-165,198,2321,-174,189,2326,0,1,0
-169,-169,2319,-172,192,2319,-173,198,2328,0,1,0
-172,-172,2330,-164,191,2323,-172,182,2328,0,1,0
-170,-170,2333,-176,188,2321,-169,192,2331,0,1,0
-165,-165,2326,-172,186,2329,-167,183,2318,0,1,0
-172,-172,2323,-164,191,2330,-168,197,2323,0,1,0
-172,-172,2336,-168,182,2327,-179,188,2323,0,1,0
-170,-170,2323,-173,174,2327,-171,189,2332,0,1,0
-178,-178,2326,-175,182,2327,-175,176,2331,0,1,0
-179,-179,2322,-166,179,2326,-170,195,2328,0,1,0
-167,-167,2320,-169,187,2328,-159,190,2323,0,1,0
-172,-172,2317,-169,193,2339,-175,184,2339,0,1,0
-175,-175,2337,-170,194,2332,-179,182,2332,0,1,0
-176,-176,2335,-176,194,2323,-171,201,2319,0,1,0
-170,-170,2322,-174,189,2329,-172,179,2329,0,1,0
-174,-174,2314,-175,195,2329,-179,189,2318,0,1,0
-173,-173,2333,-168,194,2325,-174,192,2321,0,1,0
-174,-174,2334,-169,192,2339,-166,204,2328,0,1,0
-168,-168,2335,-168,202,2335,-174,178,2334,0,1,0
-169,-169,2328,-174,172,2347,-169,185,2333,0,1,0
-168,-168,2332,-175,183,2332,-164,181,2329,0,1,0
-169,-169,2325,-171,195,2331,-173,193,2323,0,1,0
-174,-174,2325,-170,185,2321,-170,179,2324,0,1,0
-171,-171,2330,-176,188,2322,-171,190,2334,0,1,0
-172,-172,2326,-172,184,2328,-176,181,2331,0,1,0
-180,-180,2313,-179,186,2325,-167,177,2331,0,1,0
-167,-167,2331,-171,181,2326,-170,183,2329,0,1,0
-166,-166,2330,-165,179,2323,-174,184,2329,0,1,0
-171,-171,2318,-177,178,2325,-170,185,2328,0,1,0
-173,-173,2326,-165,194,2323,-176,181,2321,0,1,0
-174,-174,2331,-167,187,2327,-166,197,2330,0,1,0
-166,-166,2328,-167,163,2315,-172,184,2325,0,1,0
-170,-170,2335,-176,189,2329,-171,191,2323,0,1,0
-181,-181,2319,-168,201,2328,-182,184,2323,0,1,0
-170,-170,2328,-163,179,2330,-177,191,2321,0,1,0
-172,-172,2318,-164,184,2322,-178,194,2326,0,1,0
-167,-167,2321,-167,187,2324,-171,189,2321,0,1,0
-167,-167,2327,-172,193,2334,-177,198,2327,0,1,0
-170,-170,2326,-175,186,2341,-166,188,2335,0,1,0
-170,-170,2328,-172,183,2334,-173,192,2341,0,1,0
-164,-164,2335,-171,186,2332,-171,195,2335,0,1,0
-167,-167,2317,-170,180,2328,-165,188,2319,0,1,0
-175,-175,2325,-170,183,2324,-165,185,2324,0,1,0
-158,-158,2343,-168,185,2330,-166,186,2332,0,1,0
-167,-167,2333,-174,186,2331,-167,200,2329,0,1,0
-172,-172,2334,-162,180,2336,-166,197,2333,0,1,0
-163,-163,2327,-167,186,2335,-165,192,2334,0,1,0
-165,-165,2326,-162,202,2337,-170,195,2338,0,1,0
-170,-170,2331,-172,195,2339,-167,187,2331,0,1,0
-163,-163,2333,-162,185,2330,-167,196,2333,0,1,0
-163,-163,2327,-162,181,2336,-162,194,2318,0,1,0
-165,-165,2334,-164,196,2336,-164,194,2330,0,1,0
-164,-164,2336,-168,193,2329,-164,189,2323,0,1,0
-165,-165,2327,-166,191,2332,-161,181,2323,0,1,0
-167,-167,2330,-164,193,2335,-158,192,2335,0,1,0
-162,-162,2333,-161,178,2331,-163,188,2338,0,1,0
-165,-165,2333,-169,186,2334,-165,187,2330,0,1,0
-171,-171,2332,-162,182,2329,-160,180,2329,0,1,0
-164,-164,2336,-170,197,2330,-162,194,2330,0,1,0
-169,-169,2329,-172,200,2333,-162,192,2330,0,1,0
-171,-171,2334,-169,200,2329,-163,200,2326,0,1,0
-166,-166,2330,-163,210,2324,-162,183,2331,0,1,0
-168,-168,2334,-163,190,2336,-169,200,2331,0,1,0
-159,-159,2329,-160,197,2329,-169,186,2335,0,1,0
-161,-161,2326,-164,185,2319,-167,178,2330,0,1,0
-169,-169,2332,-159,191,2329,-159,194,2337,0,1,0
-170,-170,2326,-167,186,2334,-171,186,2327,0,1,0
-163,-163,2329,-170,180,2308,-168,198,2335,0,1,0
-170,-170,2320,-166,190,2333,-164,190,2325,0,1,0
-166,-166,2333,-164,191,2327,-162,187,2332,0,1,0
-168,-168,2337,-166,183,2328,-164,195,2328,0,1,0
-164,-164,2332,-163,186,2332,-158,183,2334,0,1,0
-162,-162,2337,-159,201,2328,-170,204,2320,0,1,0
-161,-161,2324,-154,205,2324,-177,200,2329,0,1,0
-171,-171,2326,-156,186,2318,-167,177,2325,0,1,0
-166,-166,2328,-170,192,2328,-163,186,2337,0,1,0
-168,-168,2334,-174,193,2336,-163,199,2330,0,1,0
-158,-158,2331,-169,205,2333,-167,191,2336,0,1,0
-169,-169,2348,-165,196,2329,-159,204,2328,0,1,0
-161,-161,2328,-163,194,2343,-162,188,2325,0,1,0
-171,-171,2335,-173,194,2349,-161,183,2324,0,1,0
-171,-171,2336,-176,201,2344,-168,191,2338,0,1,0
-156,-156,2325,-152,194,2337,-166,181,2338,0,1,0
-160,-160,2334,-166,177,2336,-163,184,2331,0,1,0
-167,-167,2323,-155,185,2319,-156,180,2326,0,1,0
-165,-165,2328,-164,189,2337,-163,190,2320,0,1,0
-157,-157,2333,-156,193,2326,-163,184,2329,0,1,0
-163,-163,2325,-154,196,2326,-172,181,2330,0,1,0
-161,-161,2332,-163,186,2319,-164,183,2329,0,1,0
-167,-167,2324,-157,194,2330,-154,189,2330,0,1,0
-168,-168,2332,-165,189,2330,-160,184,2328,0,1,0
-166,-166,2330,-168,187,2330,-163,193,2324,0,1,0
-156,-156,2321,-159,185,2324,-158,204,2304,0,1,0
-161,-161,2331,-153,209,2330,-170,199,2330,0,1,0
-156,-156,2326,-168,175,2324,-161,187,2332,0,1,0
-161,-161,2325,-158,188,2322,-163,185,2329,0,1,0
-168,-168,2332,-158,183,2326,-168,182,2332,0,1,0
-173,-173,2330,-167,202,2330,-170,183,2328,0,1,0
-173,-173,2328,-172,196,2330,-169,193,2320,0,1,0
-170,-170,2328,-173,198,2332,-165,193,2330,0,1,0
-161,-161,2321,-165,201,2326,-156,196,2329,0,1,0
-171,-171,2336,-167,186,2333,-173,182,2335,0,1,0
-169,-169,2328,-171,188,2336,-171,188,2327,0,1,0
-167,-167,2325,-165,186,2332,-163,182,2317,0,1,0
-171,-171,2330,-165,174,2332,-149,179,2310,0,1,0
-158,-158,2329,-166,181,2322,-163,182,2358,0,1,0
-152,-152,2318,-161,192,2334,-167,189,2334,0,1,0
-162,-162,2341,-165,178,2321,-165,193,2334,0,1,0
-158,-158,2334,-160,194,2339,-165,186,2357,0,1,0
-163,-163,2335,-172,177,2331,-164,181,2329,0,1,0
-163,-163,2332,-167,163,2327,-161,187,2306,0,1,0
-164,-164,2343,-165,183,2338,-161,174,2332,0,1,0
-165,-165,2326,-161,184,2330,-163,187,2346,0,1,0
-166,-166,2326,-165,203,2323,-164,193,2323,0,1,0
-163,-163,2327,-164,184,2332,-154,178,2324,0,1,0
-160,-160,2322,-162,184,2335,-163,201,2341,0,1,0
-161,-161,2334,-166,170,2336,-167,191,2335,0,1,0
-160,-160,2338,-167,173,2339,-159,189,2314,0,1,0
-173,-173,2329,-157,184,2325,-167,180,2325,0,1,0
-163,-163,2340,-161,202,2360,-160,189,2355,0,1,0
-161,-161,2368,-164,174,2346,-160,193,2337,0,1,0
-166,-166,2346,-171,193,2406,-172,181,2339,0,1,0
-162,-162,2344,-172,187,2343,-161,180,2344,0,1,0
-168,-168,2346,-162,186,2343,-167,189,2346,0,1,0
-164,-164,2355,-165,172,2356,-150,185,2344,0,1,0
-163,-163,2349,-163,195,2343,-155,183,2379,0,1,0
-173,-173,2343,-162,194,2353,-156,187,2359,0,1,0
-170,-170,2341,-161,189,2352,-160,180,2339,0,1,0
-166,-166,2341,-157,186,2340,-160,189,2337,0,1,0
-163,-163,2339,-167,189,2341,-155,174,2337,0,1,0
-151,-151,2338,-161,199,2347,-164,190,2353,0,1,0
-147,-147,2332,-163,178,2338,-160,186,2350,0,1,0
-160,-160,2337,-163,196,2343,-159,193,2334,0,1,0
-164,-164,2339,-165,184,2339,-173,183,2333,0,1,0
-162,-162,2336,-161,191,2333,-171,188,2341,0,1,0
-171,-171,2342,-159,189,2337,-161,182,2349,0,1,0
-161,-161,2346,-154,180,2344,-160,177,2335,0,1,0
-161,-161,2323,-152,190,2335,-160,184,2343,0,1,0
-172,-172,2332,-164,184,2348,-164,205,2339,0,1,0
-162,-162,2347,-161,196,2334,-165,191,2340,0,1,0
-166,-166,2338,-163,190,2334,-165,175,2334,0,1,0
-162,-162,2346,-163,183,2345,-162,186,2341,0,1,0
-174,-174,2348,-164,185,2336,-166,178,2340,0,1,0
-167,-167,2347,-169,182,2342,-162,179,2339,0,1,0
-171,-171,2340,-170,197,2341,-161,189,2353,0,1,0
-158,-158,2338,-170,188,2336,-169,190,2348,0,1,0
-161,-161,2342,-159,191,2338,-169,187,2351,0,1,0
-161,-161,2339,-157,182,2340,-156,203,2332,0,1,0
-155,-155,2335,-151,183,2354,-162,186,2343,0,1,0
-179,-179,2360,-163,186,2341,-165,187,2333,0,1,0
-163,-163,2338,-168,201,2353,-169,195,2331,0,1,0
-172,-172,2337,-169,182,2346,-162,186,2345,0,1,0
-165,-165,2345,-166,174,2344,-176,194,2348,0,1,0
-166,-166,2346,-168,175,2357,-164,189,2345,0,1,0
-168,-168,2349,-164,171,2340,-161,193,2338,0,1,0
-168,-168,2351,-167,193,2347,-164,194,2348,0,1,0
-160,-160,2334,-166,202,2344,-165,181,2343,0,1,0
-170,-170,2349,-165,179,2335,-164,195,2339,0,1,0
-161,-161,2348,-163,181,2346,-160,179,2344,0,1,0
-164,-164,2345,-161,180,2356,-167,200,2347,0,1,0
-161,-161,2353,-162,183,2354,-159,182,2343,0,1,0
-163,-163,2350,-162,178,2342,-174,187,2348,0,1,0
-164,-164,2349,-162,189,2350,-161,186,2350,0,1,0
-167,-167,2347,-172,186,2350,-162,186,2349,0,1,0
-167,-167,2341,-160,185,2344,-159,184,2350,0,1,0
-163,-163,2350,-159,189,2348,-167,181,2347,0,1,0
-167,-167,2348,-159,181,2354,-161,195,2346,0,1,0
-171,-171,2346,-165,180,2345,-162,186,2333,0,1,0
-160,-160,2340,-163,188,2355,-167,201,2357,0,1,0
-162,-162,2342,-161,194,2350,-156,184,2358,0,1,0
-151,-151,2329,-164,199,2361,-161,184,2349,0,1,0
-159,-159,2356,-161,186,2342,-164,184,2355,0,1,0
-158,-158,2349,-158,195,2352,-163,189,2346,0,1,0
-168,-168,2356,-170,199,2347,-162,187,2349,0,1,0
-154,-154,2355,-160,188,2343,-165,171,2352,0,1,0
-165,-165,2352,-167,179,2346,-163,180,2344,0,1,0
-160,-160,2327,-164,182,2336,-167,174,2354,0,1,0
-167,-167,2341,-165,182,2341,-159,185,2328,0,1,0
-165,-165,2342,-168,211,2337,-179,199,2331,0,1,0
-172,-172,2342,-162,186,2343,-161,184,2339,0,1,0
-171,-171,2326,-162,195,2353,-169,191,2339,0,1,0
-168,-168,2348,-162,180,2351,-172,179,2342,0,1,0
-164,-164,2340,-157,184,2349,-172,185,2353,0,1,0
-160,-160,2326,-167,189,2341,-172,183,2340,0,1,0
-164,-164,2322,-158,199,2343,-165,177,2341,0,1,0
-154,-154,2342,-167,181,2341,-172,182,2347,0,1,0
-164,-164,2377,-168,175,2343,-171,173,2345,0,1,0
-149,-149,2342,-167,193,2381,-165,189,2361,0,1,0
-157,-157,2339,-165,186,2329,-161,194,2345,0,1,0
-163,-163,2351,-152,186,2336,-169,194,2343,0,1,0
-164,-164,2318,-164,190,2345,-161,192,2338,0,1,0
-163,-163,2342,-156,190,2344,-158,189,2339,0,1,0
-167,-167,2340,-163,189,2350,-165,192,2355,0,1,0
-161,-161,2356,-155,175,2333,-171,190,2342,0,1,0
-165,-165,2353,-168,178,2343,-159,187,2346,0,1,0
-157,-157,2346,-153,193,2348,-159,203,2349,0,1,0
-157,-157,2345,-154,187,2341,-176,184,2338,0,1,0
-165,-165,2344,-168,196,2340,-170,185,2337,0,1,0
-164,-164,2337,-168,185,2341,-168,187,2343,0,1,0
-162,-162,2345,-161,182,2353,-165,191,2363,0,1,0
-173,-173,2319,-166,188,2352,-165,109,2324,0,1,0
-162,-162,2321,-171,190,2341,-173,197,2346,0,1,0
-168,-168,2329,-165,184,2347,-164,179,2334,0,1,0
-172,-172,2353,-165,198,2342,-162,180,2337,0,1,0
-167,-167,2334,-160,195,2332,-160,193,2331,0,1,0
-165,-165,2346,-167,196,2341,-167,182,2338,0,1,0
-160,-160,2337,-169,192,2343,-169,198,2341,0,1,0
-169,-169,2339,-167,197,2342,-162,192,2344,0,1,0
-162,-162,2331,-158,192,2345,-166,196,2341,0,1,0
-166,-166,2337,-167,192,2337,-165,188,2337,0,1,0
-160,-160,2338,-164,198,2335,-162,181,2328,0,1,0
-248,-248,2417,-179,187,2346,-170,182,2337,0,1,0
-162,-162,2344,-170,189,2340,-171,180,2343,0,1,0
-179,-179,2345,-177,190,2344,-168,193,2345,0,1,0
-171,-171,2338,-170,209,2335,-169,188,2337,0,1,0
-174,-174,2332,-182,172,2339,-164,197,2341,0,1,0
-164,-164,2346,-174,186,2343,-162,195,2325,0,1,0
-161,-161,2338,-170,178,2332,-162,198,2329,0,1,0
-169,-169,2339,-159,189,2333,-162,191,2340,0,1,0
-176,-176,2337,-165,186,2340,-172,190,2333,0,1,0
-175,-175,2337,-172,181,2344,-173,193,2339,0,1,0
-166,-166,2340,-169,190,2346,-170,181,2337,0,1,0
-166,-166,2343,-165,198,2340,-167,196,2346,0,1,0
-164,-164,2345,-168,181,2345,-167,173,2341,0,1,0
-174,-174,2342,-173,188,2343,-173,173,2334,0,1,0
-153,-153,2316,-167,173,2338,-172,185,2343,0,1,0
-169,-169,2341,-169,188,2340,-164,187,2342,0,1,0
-165,-165,2346,-172,186,2337,-164,191,2347,0,1,0
-170,-170,2346,-171,180,2341,-170,187,2341,0,1,0
-166,-166,2340,-167,186,2347,-170,198,2344,0,1,0
-167,-167,2335,-171,184,2343,-168,185,2337,0,1,0
-165,-165,2340,-168,196,2337,-171,184,2344,0,1,0
-169,-169,2336,-168,195,2339,-164,196,2338,0,1,0
-168,-168,2345,-171,187,2349,-165,190,2335,0,1,0
-166,-166,2349,-165,189,2339,-170,180,2348,0,1,0
-167,-167,2347,-162,194,2349,-164,187,2350,0,1,0
-159,-159,2346,-161,180,2347,-166,203,2349,0,1,0
-172,-172,2344,-176,189,2345,-166,200,2335,0,1,0
-170,-170,2342,-167,194,2344,-176,192,2339,0,1,0
-167,-167,2341,-171,191,2338,-167,201,2340,0,1,0
-166,-166,2342,-172,188,2338,-165,191,2335,0,1,0
-163,-163,2337,-164,191,2340,-165,183,2336,0,1,0
-166,-166,2336,-167,187,2333,-166,191,2338,0,1,0
-168,-168,2347,-170,194,2340,-170,179,2330,0,1,0
-168,-168,2336,-159,196,2334,-162,197,2332,0,1,0
-161,-161,2327,-174,210,2336,-162,193,2343,0,1,0
-178,-178,2347,-161,201,2335,-176,190,2336,0,1,0
-165,-165,2342,-165,179,2340,-166,204,2348,0,1,0
-166,-166,2345,-170,197,2340,-166,178,2340,0,1,0
-175,-175,2340,-162,204,2347,-166,187,2338,0,1,0
-166,-166,2350,-162,186,2336,-173,192,2343,0,1,0
-170,-170,2340,-167,185,2343,-162,187,2334,0,1,0
-163,-163,2329,-166,203,2339,-165,197,2342,0,1,0
-173,-173,2334,-167,176,2347,-170,186,2338,0,1,0
-169,-169,2334,-165,194,2338,-170,185,2344,0,1,0
-160,-160,2343,-165,194,2341,-166,192,2354,0,1,0
-162,-162,2347,-167,189,2343,-163,203,2349,0,1,0
-171,-171,2342,-168,181,2337,-162,193,2349,0,1,0
-169,-169,2348,-169,201,2338,-166,181,2336,0,1,0
-168,-168,2348,-169,195,2326,-167,187,2355,0,1,0
-174,-174,2334,-154,197,2322,-172,194,2334,0,1,0
-180,-180,2294,-168,194,2340,-169,191,2336,0,1,0
-166,-166,2361,-175,180,2343,-177,185,2359,0,1,0
-169,-169,2348,-174,185,2343,-158,197,2306,0,1,0
-166,-166,2340,-165,183,2339,-166,198,2346,0,1,0
-162,-162,2351,-165,177,2348,-168,185,2338,0,1,0
-171,-171,2333,-166,187,2340,-170,182,2344,0,1,0
-170,-170,2337,-171,186,2334,-168,191,2339,0,1,0
-162,-162,2352,-165,194,2337,-171,196,2353,0,1,0
-173,-173,2339,-169,193,2344,-170,190,2345,0,1,0
-165,-165,2334,-171,194,2341,-160,185,2346,0,1,0
-171,-171,2341,-169,197,2339,-166,192,2333,0,1,0
-168,-168,2343,-168,203,2358,-171,189,2337,0,1,0
-165,-165,2339,-170,197,2343,-169,184,2338,0,1,0
-164,-164,2344,-168,192,2334,-168,189,2347,0,1,0
-169,-169,2332,-172,196,2347,-170,192,2341,0,1,0
-175,-175,2346,-168,201,2338,-162,182,2344,0,1,0
-170,-170,2348,-166,191,2336,-160,195,2345,0,1,0
-171,-171,2346,-205,199,2400,-170,188,2333,0,1,0
-164,-164,2337,-164,202,2339,-165,197,2341,0,1,0
-160,-160,2343,-164,201,2341,-164,184,2347,0,1,0
-159,-159,2328,-172,192,2334,-170,192,2336,0,1,0
-172,-172,2350,-168,195,2340,-170,194,2341,0,1,0
-166,-166,2307,-223,465,2449,-175,211,2713,0,0,1
-165,-165,1922,-154,287,2043,-1019,446,3109,0,0,1
151,151,2077,-85,330,1574,16,386,2299,0,0,1
-96,-96,2598,-331,269,2242,-262,483,2141,0,0,1
-424,-424,2880,142,71,2265,-41,522,1474,0,0,1
-520,-520,2687,-45,-79,3020,-86,222,1845,0,0,1
-33,-33,2171,-197,8,2689,6,322,1755,0,0,1
-138,-138,1944,-345,-97,2904,-106,353,2246,0,0,1
-242,-242,2959,-461,29,3274,69,102,1924,0,0,1
45,45,1715,-492,226,2839,164,-178,2675,0,0,1
-121,-121,1582,-864,-98,3033,-33,104,2266,0,0,1
-107,-107,1631,-320,-63,3485,-40,192,2444,0,0,1
-180,-180,1622,-221,-72,2806,-439,445,2458,0,0,1
-268,-268,1666,-400,-43,3044,-86,48,2483,0,0,1
80,80,1760,-525,168,2984,-111,118,1944,0,0,1
-151,-151,2102,-448,7,3089,-145,557,1727,0,0,1
10,10,2173,-187,91,2967,-496,905,1886,0,0,1
63,63,1797,-279,149,2394,-449,348,2168,0,0,1
-418,-418,2069,-175,308,2566,-472,258,2264,0,0,1
-549,-549,1403,-137,-100,2856,-313,32,3192,0,0,1
-665,-665,858,-276,91,2788,-139,68,2976,0,0,1
-391,-391,1093,-38,69,3109,-126,245,2334,0,0,1
-478,-478,1531,221,269,2908,-184,698,2306,0,0,1
-337,-337,1552,346,139,2801,-148,456,2633,0,0,1
-438,-438,1490,-182,592,3007,24,204,2976,0,0,1
-394,-394,1434,149,244,3389,-165,76,3120,0,0,1
-399,-399,1730,-311,113,3104,-80,228,2896,0,0,1
-452,-452,1861,126,667,2546,-121,-156,2960,0,0,1
-380,-380,1584,-253,272,2011,-78,-502,3047,0,0,1
-289,-289,2134,-413,370,1657,-163,-93,3036,0,0,1
-209,-209,2271,-407,452,1156,53,-165,3280,0,0,1
-275,-275,2108,-536,432,1132,85,362,3066,0,0,1
-104,-104,2791,-410,550,1058,39,705,3181,0,0,1
-215,-215,2980,-467,463,1307,311,334,2618,0,0,1
234,234,2939,-411,445,1353,16,475,2811,0,0,1
0,0,3127,-223,605,1358,263,262,2451,0,0,1
-16,-16,2636,-148,305,1757,-229,468,2293,0,0,1
-114,-114,2819,-61,514,2156,-300,531,1504,0,0,1
-143,-143,2611,-329,504,2209,-406,307,1539,0,0,1
-113,-113,2730,-150,670,2421,-489,561,1705,0,0,1
35,35,2939,-92,275,2830,-508,645,1159,0,0,1
-5,-5,3091,-170,-110,2996,-263,589,1501,0,0,1
-311,-311,2819,-116,-151,2366,-382,429,2012,0,0,1
-242,-242,1764,-158,-214,2287,-9,439,2350,0,0,1
-382,-382,1607,103,51,3005,-24,386,2833,0,0,1
-546,-546,841,243,-243,3465,-244,217,2867,0,0,1
-760,-760,874,-163,213,2885,26,-40,2751,0,0,1
-491,-491,1359,-316,578,1987,137,110,2611,0,0,1
-58,-58,1810,-295,462,2148,288,123,2675,0,0,1
45,45,2456,-718,400,1029,146,-235,3027,0,0,1
67,67,2706,-679,412,801,-51,615,2956,0,0,1
-73,-73,2790,-300,427,1451,-357,391,2446,0,0,1
-22,-22,2746,-274,492,2384,-360,467,2072,0,0,1
-217,-217,2941,-177,31,2986,-592,547,1753,0,0,1
-540,-540,2801,-388,-18,3060,-348,540,1949,0,0,1
-357,-357,1512,-146,-65,2751,-216,14,2242,0,0,1
-324,-324,1319,-144,96,2781,-274,207,2803,0,0,1
-468,-468,1293,-154,372,2575,-135,-88,2697,0,0,1
-802,-802,2069,-269,338,2276,-31,44,2815,0,0,1
-237,-237,2451,-428,660,1464,51,292,2856,0,0,1
-67,-67,2729,-607,724,834,2,373,2808,0,0,1
34,34,2872,-372,576,1334,-521,514,2629,0,0,1
-253,-253,2927,-435,390,1817,-22,387,2534,0,0,1
-93,-93,2517,-479,287,2091,-189,490,2339,0,0,1
21,21,2732,-418,201,2371,-282,583,1483,0,0,1
137,137,3060,-294,94,2813,-346,538,1365,0,0,1
-306,-306,2781,-173,92,2943,-393,445,1481,0,0,1
-122,-122,2417,17,47,2852,-442,396,1859,0,0,1
-426,-426,1613,-132,73,2726,-15,265,2712,0,0,1
-331,-331,1433,-237,218,2506,-4,6,3044,0,0,1
-476,-476,1519,-216,191,2092,-149,89,2728,0,0,1
-305,-305,2034,-394,205,1697,-291,-43,3004,0,0,1
-243,-243,2214,-194,256,1873,-1,41,2975,0,0,1
-281,-281,2224,-463,510,1536,152,530,2199,0,0,1
-409,-409,2796,-475,568,1118,-170,421,2752,0,0,1
-59,-59,3524,-381,538,1401,-203,233,2457,0,0,1
-319,-319,2822,-254,302,2185,-56,583,1932,0,0,1
-267,-267,3020,-168,226,2452,-536,643,914,0,0,1
-21,-21,2752,-49,343,2952,-636,493,1373,0,0,1
-41,-41,2549,54,158,3115,-67,480,1657,0,0,1
116,116,2359,212,120,3024,-59,346,2188,0,0,1
-312,-312,1775,62,-110,3213,-146,368,2675,0,0,1
-302,-302,1659,8,66,2954,-66,74,2921,0,0,1
-454,-454,1169,-158,389,2225,32,400,2576,0,0,1
-103,-103,2359,-197,923,1623,-219,-119,3201,0,0,1
-228,-228,3024,-421,854,1448,-412,564,2521,0,0,1
-456,-456,2821,-348,476,2082,-300,317,2275,0,0,1
-413,-413,2857,-267,424,2212,-125,560,1301,0,0,1
-667,-667,2821,-277,325,2505,-207,380,2001,0,0,1
-65,-65,2277,-147,154,3052,-415,434,2550,0,0,1
-176,-176,1926,-464,-102,2765,-681,637,3127,0,0,1
-39,-39,1110,-175,205,2634,-286,179,2761,0,0,1
-342,-342,2080,-375,516,2588,-389,-51,3244,0,0,1
-119,-119,1990,-307,530,1709,-549,183,2874,0,0,1
-350,-350,1782,-21,701,1106,-624,462,2792,0,0,1
-235,-235,2689,-150,307,1890,-126,301,2244,0,0,1
-439,-439,3072,-147,336,2611,-238,501,1869,0,0,1
-266,-266,2869,-191,259,2553,-163,506,1404,0,0,1
-234,-234,2274,-316,141,2946,-51,307,1949,0,0,1
149,149,1442,-176,-58,3304,-224,-1,2981,0,0,1
-78,-78,1810,24,224,2402,-157,288,2562,0,0,1
-82,-82,1272,-404,528,2486,-433,199,3122,0,0,1
-150,-150,1339,-402,714,2536,-589,459,3091,0,0,1
47,47,2157,-211,402,2052,-153,-77,2541,0,0,1
34,34,3177,-151,430,1539,-219,319,2711,0,0,1
78,78,1815,-75,439,1650,-88,462,2559,0,0,1
-146,-146,2919,-93,225,2100,2,227,1595,0,0,1
-20,-20,2531,-406,473,2781,-291,849,1777,0,0,1
-242,-242,2428,45,6,2520,-101,349,1700,0,0,1
-114,-114,2465,-239,354,2841,-275,371,2201,0,0,1
-479,-479,2634,-571,480,3083,4,214,1629,0,0,1
-285,-285,1708,-371,251,2953,54,212,2257,0,0,1
-124,-124,844,-113,300,2303,-247,239,2710,0,0,1
-355,-355,1564,-253,386,2421,-140,-364,3326,0,0,1
-325,-325,2290,-211,660,1476,-209,192,2687,0,0,1
-122,-122,3045,-447,609,1664,-175,198,2490,0,0,1
-253,-253,2862,-344,665,2234,-367,599,2150,0,0,1
-239,-239,2922,-127,512,2077,-348,447,2103,0,0,1
-185,-185,3533,-176,572,1839,-251,490,1577,0,0,1
-218,-218,2542,13,160,2440,-342,441,1425,0,0,1
-356,-356,2477,-173,-117,3104,-214,513,1699,0,0,1
-376,-376,2464,-165,-142,3027,-246,399,2021,0,0,1
-277,-277,1974,-338,194,2741,-451,441,2126,0,0,1
-272,-272,1424,-72,113,2872,-286,295,2469,0,0,1
-344,-344,1180,-375,539,2490,-588,44,2922,0,0,1
-289,-289,1547,-423,497,2192,-277,33,2895,0,0,1
-109,-109,1903,23,353,2206,-102,-353,3598,0,0,1
2,2,2616,-127,379,1693,-680,486,3169,0,0,1
117,117,2424,-124,370,1473,-222,-3,3364,0,0,1
-153,-153,2930,-48,371,1781,86,-106,2005,0,0,1
-372,-372,2889,8,141,2367,1,190,1657,0,0,1
-208,-208,2874,-99,296,2014,-185,672,1527,0,0,1
-136,-136,2786,-264,19,2021,-138,455,1323,0,0,1
-283,-283,2398,-574,3,3128,138,227,1792,0,0,1
-271,-271,2494,-81,-52,3058,-45,330,1749,0,0,1
-66,-66,2612,-201,-14,2471,-74,277,1871,0,0,1
-383,-383,2168,117,25,2958,-340,674,2862,0,0,1
-46,-46,1432,-6,280,3487,-132,57,2307,0,0,1
-178,-178,1192,-121,295,2584,-372,411,2683,0,0,1
-126,-126,1656,-144,197,3910,-164,652,1529,0,0,1
-106,-106,1823,-462,-257,3711,-50,323,1448,0,0,1
-697,-697,2942,-290,294,2025,123,8,1547,0,0,1
-860,-860,3623,-215,259,2076,-150,648,1692,0,0,1
-489,-489,3565,142,407,951,-157,-64,2527,0,0,1
-136,-136,2292,0,409,1023,-37,-117,3094,0,0,1
-272,-272,3002,-123,251,1441,-674,336,2930,0,0,1
78,78,1681,-25,229,2034,-301,157,2671,0,0,1
-119,-119,853,-375,739,2956,-355,205,2411,0,0,1
-154,-154,1445,-359,-168,3394,-15,475,1737,0,0,1
-249,-249,2810,-282,-156,2727,-77,463,998,0,0,1
-447,-447,2862,-290,192,3333,0,400,1711,0,0,1
-529,-529,2561,-344,500,2220,-363,644,2404,0,0,1
-507,-507,2773,-118,267,1923,-214,572,2470,0,0,1
-729,-729,3825,118,670,1495,-416,432,2957,0,0,1
-250,-250,3260,-132,413,1113,-425,340,2721,0,0,1
-189,-189,2243,-277,446,1655,39,-15,2854,0,0,1
83,83,1800,-378,854,2393,-773,239,3359,0,0,1
-176,-176,1205,-193,657,2990,-53,147,2331,0,0,1
-341,-341,1843,-786,114,4600,64,455,1425,0,0,1
-354,-354,1832,-402,-14,2978,-283,593,1474,0,0,1
-106,-106,2309,-46,-23,3180,-259,859,1707,0,0,1
-184,-184,3363,-256,170,1589,61,533,2107,0,0,1
-439,-439,3218,-64,520,1022,-493,261,2970,0,0,1
-17,-17,2560,65,542,552,-362,622,2661,0,0,1
66,66,2753,-321,848,1129,-32,462,2563,0,0,1
-66,-66,3088,-62,797,1009,-132,604,2326,0,0,1
-357,-357,2919,-335,592,2266,-32,713,1350,0,0,1
-438,-438,2301,-251,223,2689,87,690,1644,0,0,1
-303,-303,2051,-87,16,2630,120,598,990,0,0,1
-237,-237,2232,-187,220,2628,-34,814,1703,0,0,1
-315,-315,2741,-234,51,3064,-224,576,1778,0,0,1
-136,-136,1452,539,-70,2971,-291,400,1949,0,0,1
193,193,2439,449,-32,2634,-374,564,1602,0,0,1
410,410,2761,-141,102,3097,-409,837,1376,0,0,1
-182,-182,2591,49,89,2904,-560,579,1410,0,0,1
-20,-20,1997,283,-57,2682,-367,515,1642,0,0,1
-405,-405,2368,-168,101,2843,-428,479,1689,0,0,1
76,76,2642,208,-130,2857,-459,427,1334,0,0,1
168,168,2411,-126,293,2690,-450,592,1387,0,0,1
-120,-120,2498,111,339,2645,-823,699,1184,0,0,1
582,582,3083,-50,481,2708,-1046,699,1006,0,0,1
151,151,2806,154,50,2493,-750,838,1088,0,0,1
252,252,3063,100,171,2665,-434,697,1169,0,0,1
243,243,2735,152,30,2293,141,-10,2256,0,0,1
81,81,2472,144,804,2175,129,491,2539,0,0,1
345,345,2125,65,-117,2466,-119,769,993,0,0,1
-48,-48,3210,-193,552,2120,-347,1036,1379,0,0,1
-133,-133,3446,-364,396,2309,-460,730,2209,0,0,1
-557,-557,3746,-274,281,2249,-581,608,2444,0,0,1
-427,-427,3733,-181,-22,2339,-23,271,2518,0,0,1
-224,-224,3639,-102,356,1669,-44,596,2174,0,0,1
-179,-179,2572,136,651,783,-357,517,2851,0,0,1
-46,-46,2441,74,730,1409,-568,126,3187,0,0,1
82,82,1971,-248,605,1856,-611,351,3474,0,0,1
38,38,1875,9,347,1670,-159,-127,3197,0,0,1
-34,-34,1427,313,-195,2264,-58,79,2558,0,0,1
-250,-250,838,254,388,1682,291,200,2210,0,0,1
-217,-217,938,-164,-230,3331,-222,449,1485,0,0,1
-174,-174,2424,-433,-27,3421,-160,595,1508,0,0,1
-163,-163,2616,-489,430,3221,-68,597,1025,0,0,1
-39,-39,2497,-297,-83,3144,-139,542,1375,0,0,1
-322,-322,2634,-168,422,2540,-82,732,1578,0,0,1
178,178,2249,177,20,3278,-284,417,1751,0,0,1
-578,-578,2975,-350,68,2831,-519,543,1551,0,0,1
-141,-141,2698,-316,280,2573,-606,604,1242,0,0,1
-172,-172,2673,-4,214,2611,-435,682,1040,0,0,1
-40,-40,3269,273,771,2937,-171,422,1432,0,0,1
289,289,2665,-136,410,2485,96,702,1105,0,0,1
-356,-356,2181,-141,-80,2673,-65,540,1189,0,0,1
-418,-418,1942,-194,457,2433,-568,799,2020,0,0,1
-328,-328,3320,-577,442,2029,-236,320,1853,0,0,1
-41,-41,2991,-344,125,2106,-248,367,1662,0,0,1
187,187,3254,-39,278,1798,159,236,2508,0,0,1
-81,-81,2804,-377,535,1524,-108,-217,2447,0,0,1
-112,-112,2483,-536,509,1304,15,83,3177,0,0,1
-100,-100,1687,-135,1,1816,123,340,2969,0,0,1
-669,-669,1012,-110,267,2284,-197,186,2386,0,0,1
-208,-208,1555,70,156,3738,-293,445,1790,0,0,1
-136,-136,2214,-66,-48,3287,-884,727,1656,0,0,1
2,2,1924,-38,61,2393,-483,479,1167,0,0,1
193,193,2866,-188,502,2262,-374,348,1603,0,0,1
97,97,3537,-321,417,1713,76,233,2573,0,0,1
142,142,3073,-400,504,1383,237,441,2555,0,0,1
141,141,2886,-516,631,1474,-315,421,2973,0,0,1
-224,-224,2071,-266,534,1917,-166,-251,3514,0,0,1
-242,-242,1867,-107,188,2432,-133,-203,2947,0,0,1
-343,-343,982,-213,514,3025,-262,144,2646,0,0,1
-262,-262,1287,58,-259,3666,-431,261,1687,0,0,1
-465,-465,2372,15,231,2738,-579,481,1152,0,0,1
-24,-24,3290,-437,365,1878,-409,392,1838,0,0,1
-188,-188,2881,-363,367,1007,-247,81,2764,0,0,1
-194,-194,2666,-588,696,1177,-82,277,2941,0,0,1
-240,-240,2270,-190,396,1564,-539,70,3358,0,0,1
-59,-59,1644,-252,184,2311,-17,262,2706,0,0,1
-401,-401,1133,-302,35,2346,31,117,2567,0,0,1
-453,-453,1073,-199,100,2847,-138,191,2212,0,0,1
-152,-152,1795,-304,24,2683,-175,152,2484,0,0,1
-111,-111,2312,-49,154,2345,-47,180,2325,0,0,1
-46,-46,2602,-554,670,1014,8,-101,4355,0,0,1
-135,-135,2077,-395,440,2073,-163,-592,3586,0,0,1
-437,-437,1752,-193,192,2391,-130,-80,2989,0,0,1
-475,-475,1964,-129,349,2154,-145,203,2748,0,0,1
-403,-403,1338,280,491,1923,-90,108,2304,0,0,1
-421,-421,1690,-604,120,4005,-137,228,2050,0,0,1
-360,-360,1963,-146,278,2895,-340,532,1796,0,0,1
-159,-159,2802,-100,184,2523,-236,482,1210,0,0,1
-253,-253,2729,-234,199,2226,-411,478,1569,0,0,1
-294,-294,2630,-186,321,2590,-294,394,1411,0,0,1
-147,-147,2742,-419,402,1884,-206,203,2696,0,0,1
42,42,2824,-417,356,1600,-212,164,2314,0,0,1
-230,-230,3190,-332,359,988,-250,515,2365,0,0,1
-173,-173,3015,-223,533,1776,59,162,2105,0,0,1
-70,-70,3157,0,511,1519,129,512,2405,0,0,1
-138,-138,3473,-8,316,1954,-112,515,2226,0,0,1
-255,-255,3070,35,258,1788,-155,666,2389,0,0,1
-224,-224,2846,-107,322,1768,-105,615,2240,0,0,1
-177,-177,4221,-32,119,1996,160,613,1610,0,0,1
-67,-67,2717,-54,605,2075,-374,639,2010,0,0,1
-193,-193,2638,-97,247,2151,7,567,2168,0,0,1
-360,-360,2634,-83,654,2348,-27,527,2055,0,0,1
-379,-379,2931,-137,257,2129,240,520,1609,0,0,1
-160,-160,3209,-66,400,1807,-273,782,2722,0,0,1
-351,-351,2507,19,740,1092,-354,425,2455,0,0,1
-168,-168,2124,34,578,1002,-195,313,2360,0,0,1
-493,-493,3318,-46,273,1768,-147,415,2047,0,0,1
-421,-421,3460,122,296,1426,-249,76,2537,0,0,1
-171,-171,2939,83,749,1048,-302,89,2777,0,0,1
-326,-326,2821,-113,787,1527,-342,348,2325,0,0,1
5,5,2472,-79,657,1528,-223,-61,3033,0,0,1
-159,-159,2110,224,480,1720,-708,444,3333,0,0,1
29,29,1355,-225,649,2733,-279,-10,3095,0,0,1
166,166,992,-187,908,2519,13,287,2409,0,0,1
119,119,1012,-402,943,2598,-123,664,1829,0,0,1
-151,-151,1285,-572,570,2777,-218,328,2484,0,0,1
-149,-149,1458,-585,674,2679,-480,654,2996,0,0,1
-166,-166,1423,-34,240,2654,-174,-13,2070,0,0,1
-206,-206,1700,-87,-120,3523,-251,148,2005,0,0,1
-301,-301,1953,-229,-140,3105,-384,667,1303,0,0,1
-182,-182,2838,-175,-130,2245,-543,526,942,0,0,1
23,23,3014,-160,377,2027,-110,469,1933,0,0,1
146,146,3166,-130,541,1822,127,236,2465,0,0,1
139,139,2609,-445,481,1261,-19,336,3432,0,0,1
-226,-226,1841,-326,602,2202,170,168,2728,0,0,1
-430,-430,3313,-106,399,2025,-17,441,3003,0,0,1
124,124,1459,-241,964,2612,-656,409,3435,0,0,1
-15,-15,1767,-90,739,2422,-343,148,2912,0,0,1
87,87,1421,-274,73,2114,-119,275,2168,0,0,1
55,55,1490,-393,311,2878,-366,891,2222,0,0,1
-379,-379,1636,-408,291,2775,-200,311,1773,0,0,1
-376,-376,2671,-322,84,2755,-8,197,2072,0,0,1
36,36,2522,-489,424,3111,-31,277,1757,0,0,1
-336,-336,2196,-651,920,2350,-48,-293,2327,1,0,0
-473,-473,2290,117,-449,2314,-109,513,2193,1,0,0
483,483,2429,-114,-108,2287,-42,556,2352,1,0,0
-144,-144,2302,-294,658,2365,319,-986,2188,1,0,0
-155,-155,2145,482,-1768,2282,26,-260,2536,1,0,0
-314,-314,2337,35,26,2127,-314,902,2410,1,0,0
-289,-289,2206,141,711,2175,242,-841,2377,1,0,0
-491,-491,2404,-237,-318,2420,93,388,2228,1,0,0
-179,-179,2332,230,-33,2335,353,948,2093,1,0,0
129,129,2401,44,464,2088,37,-777,2518,1,0,0
-11,-11,2415,-404,462,2218,-442,41,1945,1,0,0
-58,-58,2352,-77,-589,2233,-328,918,2207,1,0,0
-69,-69,2270,86,229,2135,-46,-13,2323,1,0,0
-117,-117,2499,-484,995,2337,-213,-468,2270,1,0,0
-89,-89,1956,-66,-1164,2340,-105,812,2487,1,0,0
-301,-301,2255,-226,1255,2239,-385,-1562,2404,1,0,0
-78,-78,2191,-437,-875,2344,-231,258,2260,1,0,0
-183,-183,2172,-493,-183,2108,-617,1146,2688,1,0,0
-212,-212,2169,-336,1050,2284,-364,-1532,2235,1,0,0
-464,-464,2446,-181,-1983,2364,-82,827,2410,1,0,0
-531,-531,1794,-453,504,2080,-853,-149,1845,1,0,0
-196,-196,2315,168,1179,2419,274,-378,2183,1,0,0
-181,-181,2218,-934,-964,2558,192,365,2824,1,0,0
-332,-332,2681,-206,175,2153,-267,252,2416,1,0,0
-452,-452,2095,-269,940,2369,-250,-1124,2371,1,0,0
-221,-221,2279,-853,-1553,2635,-243,370,2312,1,0,0
-541,-541,2633,-453,-149,2453,-748,750,2276,1,0,0
-377,-377,2350,-364,1182,2299,47,-825,2097,1,0,0
-209,-209,2490,-378,-1511,2236,-301,1644,2402,1,0,0
-827,-827,2641,-495,1256,2307,-334,-1959,1960,1,0,0
-291,-291,2437,-556,-81,1740,-307,-118,2277,1,0,0
-556,-556,2484,-291,-59,2219,-863,593,1877,1,0,0
-261,-261,2300,-421,429,2307,-676,-638,2185,1,0,0
-347,-347,2332,-321,-382,1887,-386,458,2488,1,0,0
-510,-510,2310,-692,849,2689,-566,-720,2139,1,0,0
-391,-391,2426,-308,-1276,2202,-317,1606,2373,1,0,0
-357,-357,2101,-547,687,2087,-690,-878,1412,1,0,0
-445,-445,2017,-408,585,2089,-458,-857,2083,1,0,0
-516,-516,2225,-27,-2211,2266,-72,474,2056,1,0,0
-281,-281,1576,-417,-178,2229,-108,504,2474,1,0,0
-290,-290,2560,-513,1371,2605,-593,-1452,2064,1,0,0
-579,-579,2043,-516,408,2277,-314,-689,2114,1,0,0
-239,-239,2634,-242,-1851,2276,-313,242,1976,1,0,0
-734,-734,1718,-370,-354,1949,-536,922,2306,1,0,0
-426,-426,2363,-767,1707,3140,-329,-1822,2182,1,0,0
-632,-632,2112,-353,-429,2043,-536,-311,2109,1,0,0
-194,-194,2714,-151,-1639,2404,-1067,1882,2782,1,0,0
-255,-255,2669,-647,995,2037,-454,-191,2130,1,0,0
-479,-479,2200,54,381,2487,-392,-1181,2260,1,0,0
-384,-384,2568,7,-1650,2133,-294,377,2143,1,0,0
-486,-486,2163,-70,39,2346,-550,802,2360,1,0,0
-407,-407,2198,-501,1646,2125,-502,-1784,3085,1,0,0
105,105,2607,-287,-37,1736,-432,-470,2030,1,0,0
-534,-534,2546,-216,-1809,2239,-609,1252,2672,1,0,0
-1149,-1149,2738,-534,846,2235,-323,-35,1676,1,0,0
-287,-287,1928,-277,1166,2549,-21,-1831,2261,1,0,0
-492,-492,2394,-621,-1664,1950,-441,-95,2216,1,0,0
-359,-359,2192,-368,-722,2036,-508,987,2567,1,0,0
-65,-65,2275,-722,1218,2187,-621,-302,2047,1,0,0
-480,-480,2406,-488,1045,2484,-71,-1226,2366,1,0,0
-649,-649,1925,-559,-354,1803,-310,-255,2066,1,0,0
-409,-409,2327,-281,-906,2238,-251,1421,2538,1,0,0
-201,-201,2358,-317,803,2185,-601,218,2085,1,0,0
-511,-511,2211,-362,818,2451,44,-1326,2513,1,0,0
-490,-490,2620,-406,-1806,2444,-476,519,2421,1,0,0
-720,-720,2361,-574,-104,1976,-188,679,2515,1,0,0
-6,-6,2231,-390,1840,2332,-564,-1354,2481,1,0,0
-489,-489,2125,-311,302,2085,-334,-464,2007,1,0,0
-395,-395,2439,-36,-1809,2083,-514,979,2344,1,0,0
-781,-781,2098,-302,-1,2251,-501,1064,2626,1,0,0
-52,-52,2211,-630,1672,2248,-777,-757,2341,1,0,0
-760,-760,2024,-376,590,2169,-450,-783,2184,1,0,0
-509,-509,2544,-413,-1918,2465,-552,1057,2147,1,0,0
-752,-752,1898,-469,-198,2138,-599,709,2224,1,0,0
-484,-484,2150,-1011,2378,2452,-346,-1922,2435,1,0,0
-173,-173,1754,-392,-578,1764,-313,-142,2133,1,0,0
-359,-359,2356,-484,-990,2395,-581,2001,2823,1,0,0
-463,-463,2478,-303,928,1941,-911,-444,2463,1,0,0
-466,-466,1957,-365,315,2274,-257,-643,2318,1,0,0
-573,-573,2685,-242,-1368,2279,-419,901,2274,1,0,0
-604,-604,1479,-766,-64,2118,-213,548,2354,1,0,0
-494,-494,2228,-502,1463,2463,28,-1579,2168,1,0,0
-220,-220,2438,-640,-179,1926,-340,-35,2059,1,0,0
-457,-457,2209,-363,-762,2109,-449,1719,2471,1,0,0
-680,-680,2074,-713,1560,2307,-757,-847,1601,1,0,0
-65,-65,2153,-458,-577,2293,-406,1647,2376,1,0,0
-299,-299,2418,-507,2293,2321,68,-1335,2278,1,0,0
-514,-514,1930,-489,471,2239,-318,-256,2007,1,0,0
-516,-516,2486,-797,270,2068,-282,-411,1993,1,0,0
-424,-424,2171,-408,-2152,2564,-295,418,2145,1,0,0
-272,-272,2057,-195,-162,2035,-498,1243,2203,1,0,0
104,104,2300,-590,1237,2251,-265,-776,1896,1,0,0
-358,-358,2253,-343,657,2293,-384,-510,2260,1,0,0
-704,-704,2402,-85,196,2106,-73,-293,2655,1,0,0
-593,-593,2406,-473,-810,2527,-636,568,2441,1,0,0
-261,-261,2349,-374,-471,2261,-846,912,2193,1,0,0
-359,-359,2292,-447,498,2544,-279,613,2037,1,0,0
-40,-40,2878,-779,1304,2264,-302,-476,2433,1,0,0
-571,-571,2347,-256,-846,2236,-374,-107,2084,1,0,0
-349,-349,2254,-389,249,2106,-412,138,2152,1,0,0
-138,-138,2402,-224,-566,2333,-637,1408,2352,1,0,0
-465,-465,2445,-753,958,2379,-408,-884,2550,1,0,0
-125,-125,2231,-564,-684,2061,-624,520,1953,1,0,0
-673,-673,2310,-558,-382,2323,-404,1373,2274,1,0,0
-154,-154,2509,-269,1231,2441,-530,-1236,2487,1,0,0
-138,-138,2136,-880,-553,1744,-416,156,2348,1,0,0
-302,-302,2117,-401,-549,2130,-400,1134,2241,1,0,0
-464,-464,2647,-139,491,2399,-376,-1214,2547,1,0,0
-161,-161,2111,-494,656,2176,-434,-103,2180,1,0,0
-378,-378,2415,-936,-483,2575,-182,697,2230,1,0,0
-286,-286,2336,-172,274,2258,-596,1005,2334,1,0,0
-42,-42,2502,-395,1406,2158,73,-1320,2391,1,0,0
-5,-5,1751,-329,194,1843,-120,-377,2291,1,0,0
-530,-530,2660,-286,-1438,2601,-725,1201,2219,1,0,0
-521,-521,1877,-225,433,1626,-560,680,2417,1,0,0
-285,-285,2065,-680,1147,2560,-475,-1114,2723,1,0,0
-489,-489,1996,-124,-810,1842,-311,142,2040,1,0,0
-494,-494,2408,-212,-567,2247,-744,943,2563,1,0,0
-752,-752,2651,-647,1092,2570,-603,-897,2399,1,0,0
-237,-237,2030,-220,530,2183,-138,-1552,2598,1,0,0
-767,-767,2248,-243,-41,2218,-296,410,2428,1,0,0
-612,-612,2366,-256,-511,2185,-646,683,2454,1,0,0
144,144,2229,-15,172,2105,76,359,2374,1,0,0
216,216,2334,-18,114,2330,-678,1507,2420,1,0,0
-214,-214,2640,-707,1511,2468,-607,-425,2280,1,0,0
-239,-239,2205,-599,600,2237,-313,-698,2531,1,0,0
-739,-739,2357,-483,-866,2193,-574,536,2228,1,0,0
-409,-409,2241,-332,24,2226,-636,734,2424,1,0,0
-361,-361,2612,-899,1566,2529,-209,-1203,2478,1,0,0
-448,-448,2461,-490,75,2140,-610,19,2003,1,0,0
-439,-439,2321,-303,-1079,2531,-1014,1879,2433,1,0,0
-283,-283,2028,-268,440,1891,-375,24,1861,1,0,0
-434,-434,2099,-559,1451,2632,-408,-1648,2752,1,0,0
-852,-852,2554,-447,-795,1789,-137,297,1845,1,0,0
-235,-235,2171,-629,-329,2152,-650,1361,2492,1,0,0
-745,-745,2579,-830,1430,2109,-637,179,2061,1,0,0
-518,-518,2071,-671,984,2266,-127,-901,2335,1,0,0
-546,-546,2313,-767,-1151,2499,-718,1251,2294,1,0,0
-427,-427,1780,-388,430,1697,-479,487,2224,1,0,0
-211,-211,2428,-793,1684,2362,-256,-933,2323,1,0,0
-558,-558,1610,-169,68,1916,-370,-75,1977,1,0,0
-579,-579,2580,-53,-1017,2756,-1032,1517,2438,1,0,0
-232,-232,2075,-484,921,1634,-529,43,2120,1,0,0
-636,-636,1991,-580,1168,2704,-595,-764,2856,1,0,0
-484,-484,2764,-306,-995,2381,-589,696,2330,1,0,0
-487,-487,2014,-376,-27,2100,-683,1220,2541,1,0,0
-272,-272,2737,-242,1555,2243,125,-2203,2409,1,0,0
-484,-484,2279,-460,-469,1863,-221,189,2024,1,0,0
-451,-451,2168,-318,-606,2141,-363,1404,2344,1,0,0
90,90,2193,-515,961,2797,-859,-1750,2560,1,0,0
-655,-655,2248,-236,-74,2249,-153,-252,2135,1,0,0
-499,-499,2159,-588,-505,2282,-554,1548,2364,1,0,0
3,3,2314,-811,1777,2524,-439,-1689,2494,1,0,0
77,77,2095,-549,-429,2181,-141,86,2122,1,0,0
-491,-491,2195,-462,-410,2315,-388,1051,2594,1,0,0
91,91,2391,-673,1215,2028,-106,-586,2146,1,0,0
-214,-214,1964,-326,962,2300,-70,-959,2388,1,0,0
-706,-706,2415,-292,-1089,2239,-271,125,2387,1,0,0
-734,-734,2197,-316,490,1794,-632,1280,2452,1,0,0
-343,-343,2858,-781,1561,2378,-258,-817,2430,1,0,0
-487,-487,1938,-313,99,2041,-282,207,1813,1,0,0
-418,-418,2315,-283,-490,2399,-654,1457,2350,1,0,0
-260,-260,2614,-608,1355,2283,-309,-1102,2480,1,0,0
-240,-240,2570,35,-167,2537,-254,-290,2105,1,0,0
-299,-299,2385,-295,-305,2398,-528,1402,2280,1,0,0
-199,-199,2322,-706,1453,2230,-224,-901,2181,1,0,0
-762,-762,2173,48,350,1887,-218,77,2210,1,0,0
-247,-247,2305,-146,-502,2371,-798,1425,2365,1,0,0
-194,-194,2371,-330,342,2392,-575,1222,2230,1,0,0
-167,-167,2621,-563,1151,2217,-499,-1504,2480,1,0,0
-371,-371,2007,-221,-173,2049,-605,1248,2568,1,0,0
-156,-156,2711,-873,1525,2430,-516,-1030,2559,1,0,0
-381,-381,1849,-242,-565,2269,-313,159,2281,1,0,0
-358,-358,2130,-496,-317,2395,-798,1235,2656,1,0,0
-7,-7,2830,-747,1274,2559,-225,-838,2027,1,0,0
-130,-130,1907,-446,158,2093,-352,-173,2287,1,0,0
-469,-469,2148,-218,-817,2316,-484,1200,2172,1,0,0
-681,-681,2347,-511,753,2000,-305,-296,1905,1,0,0
-402,-402,2405,-349,891,2141,-533,-611,2398,1,0,0
-747,-747,2317,-241,-891,2690,-958,1325,2589,1,0,0
-409,-409,2392,-306,-255,2392,-577,1099,2428,1,0,0
32,32,2565,-510,702,2527,-737,368,2398,1,0,0
-401,-401,2422,-296,452,2267,-357,399,2099,1,0,0
-329,-329,2281,-790,1429,2409,-250,-1395,2945,1,0,0
-258,-258,2320,-775,-70,2229,-325,349,1713,1,0,0
-300,-300,2022,-513,-571,2286,-496,1718,2154,1,0,0
-543,-543,2777,-764,1245,2191,73,-84,2339,1,0,0
-389,-389,2053,-619,1083,2382,-301,-1238,2287,1,0,0
-456,-456,2362,-571,-1518,2385,-482,645,1905,1,0,0
-343,-343,2094,-463,-379,2076,-524,1054,2440,1,0,0
-445,-445,2474,-458,832,2487,-802,-280,2186,1,0,0
-480,-480,2030,-537,897,2206,-631,-581,2533,1,0,0
-397,-397,2379,-529,-949,2471,-646,622,2000,1,0,0
-430,-430,1942,-791,-247,2496,-747,1297,2287,1,0,0
-344,-344,2207,-416,211,1836,-691,970,2209,1,0,0
-623,-623,2759,-747,574,2315,-1013,218,2198,1,0,0
-342,-342,2148,-674,808,2408,-633,-529,2558,1,0,0
-377,-377,2190,-1060,-1074,2671,-594,880,2351,1,0,0
-517,-517,2218,-753,-140,2030,-597,1100,2160,1,0,0
-56,-56,2457,-714,1251,2067,-1301,-26,2462,1,0,0
-640,-640,2379,-772,1470,2394,-106,-1086,2116,1,0,0
-892,-892,2423,-580,-631,1702,-549,506,1838,1,0,0
-544,-544,2165,-265,-355,2062,-622,863,2527,1,0,0
-468,-468,2279,-552,1190,2607,-523,-883,2559,1,0,0
-381,-381,1662,-226,171,1994,-498,-26,1933,1,0,0
-771,-771,2405,-474,-625,2851,-697,1644,2495,1,0,0
-716,-716,2885,-632,1234,2140,-270,-64,2144,1,0,0
-120,-120,1969,-674,806,2189,-520,-683,2833,1,0,0
-829,-829,2605,-567,-1069,2695,-554,960,2163,1,0,0
-413,-413,2181,-467,390,1440,-496,871,2139,1,0,0
-467,-467,2681,-792,1438,2969,-659,-1105,2678,1,0,0
-637,-637,2527,-529,-78,2226,-95,238,1896,1,0,0
-800,-800,2148,-583,-398,2302,-847,1682,2658,1,0,0
-627,-627,2472,-594,812,2055,-239,-249,2090,1,0,0
-303,-303,1817,-806,1139,2202,-403,-857,2935,1,0,0
-1019,-1019,2580,-462,-519,2394,-418,784,1893,1,0,0
-351,-351,1851,-546,-28,2011,-792,1340,2490,1,0,0
-900,-900,2897,-826,1436,2140,-244,-384,2178,1,0,0
-246,-246,1814,-510,736,1940,-643,-388,2583,1,0,0
-962,-962,2701,-351,-1165,2752,-523,831,2256,1,0,0
-341,-341,2234,-405,244,2098,-775,987,2366,1,0,0
-237,-237,2374,-731,1514,2410,-559,-990,2738,1,0,0
-919,-919,2533,-285,-144,1987,-230,156,1798,1,0,0
-675,-675,2290,50,-939,2395,-832,1436,2588,1,0,0
-546,-546,2514,-733,1141,2006,-566,156,1934,1,0,0
-312,-312,1935,-886,1354,2773,6,-1081,2418,1,0,0
-567,-567,2254,-779,-695,2345,-373,502,1953,1,0,0
-678,-678,1960,-426,-467,2379,-937,1511,2548,1,0,0
-696,-696,2922,-671,940,2074,-549,-24,2343,1,0,0
-325,-325,2461,-1013,1322,2322,-82,-697,2439,1,0,0
-875,-875,2363,-398,-457,2436,-751,884,2082,1,0,0
-299,-299,1974,-265,-169,1656,-798,1266,2238,1,0,0
-107,-107,2526,-730,1303,2383,-252,-765,2495,1,0,0
-775,-775,1995,-638,262,1909,-374,-108,2055,1,0,0
-490,-490,2349,-670,-557,2773,-957,1817,2502,1,0,0
-802,-802,2581,-481,1135,1853,-870,604,2142,1,0,0
-382,-382,2149,-483,1263,2110,-395,-975,2457,1,0,0
-611,-611,2356,-802,-963,2544,-550,570,1957,1,0,0
-424,-424,2075,-688,-23,2114,-704,1147,2118,1,0,0
-573,-573,2605,-619,1366,2302,-378,-511,2102,1,0,0
-441,-441,1681,-736,379,1981,-382,-143,2378,1,0,0
-667,-667,2487,-260,-1067,2779,-675,1493,2116,1,0,0
-558,-558,2524,-636,429,2163,-874,913,2375,1,0,0
-253,-253,2397,-591,1243,2628,-289,-174,2319,1,0,0
-587,-587,1922,-706,751,2203,-528,-554,2227,1,0,0
-896,-896,2335,-651,-882,2516,-685,869,1878,1,0,0
-661,-661,1791,-550,-71,2222,-896,1639,2178,1,0,0
-184,-184,2756,-577,1182,2417,-818,-727,2856,1,0,0
-522,-522,2238,-495,252,2040,-536,-110,2068,1,0,0
-970,-970,2519,-682,-790,2644,-1199,1666,2468,1,0,0
-630,-630,2693,-424,791,2147,-284,-71,2190,1,0,0
-369,-369,2295,-748,1363,2293,-497,-642,2850,1,0,0
-807,-807,2322,-476,-1160,2602,-310,486,2091,1,0,0
-539,-539,2074,-679,-70,2014,-729,1040,2384,1,0,0
-154,-154,2475,-828,1668,2361,-258,-1239,2200,1,0,0
-303,-303,2080,-312,258,1784,-465,845,2119,1,0,0
-569,-569,2451,-1122,1845,2662,-521,-1296,2748,1,0,0
-700,-700,2297,-196,-22,2008,-428,61,2390,1,0,0
-907,-907,2213,-595,-612,2596,-495,1397,2508,1,0,0
-534,-534,2673,-464,893,2134,-404,-297,2350,1,0,0
-506,-506,2190,-629,1232,2493,-372,-655,2603,1,0,0
-608,-608,2477,-222,-538,2124,-399,328,1998,1,0,0
-654,-654,2195,-391,-711,2579,-828,1434,2576,1,0,0
-500,-500,2558,-742,1012,2322,-544,-192,2096,1,0,0
-411,-411,1973,-724,1314,2007,-780,-192,2437,1,0,0
-630,-630,2460,-629,-564,2324,-648,93,2048,1,0,0
-382,-382,1973,-319,-503,2287,-452,1183,2354,1,0,0
-268,-268,2446,-219,333,2288,-634,515,2459,1,0,0
-357,-357,2582,-194,1017,2264,-364,-162,2112,1,0,0
-413,-413,2358,-58,800,2263,-121,-657,2221,1,0,0
-149,-149,2481,-176,996,2339,-486,-268,2272,1,0,0
-481,-481,2249,-412,1055,2470,-465,-1007,2443,1,0,0
-593,-593,2417,-486,161,2402,-345,-518,2237,1,0,0
-332,-332,2326,-361,-153,2639,-385,-406,2384,1,0,0
-69,-69,1949,-157,-884,2074,-367,113,2490,1,0,0
-639,-639,2482,-220,-758,2445,-498,994,2334,1,0,0
-433,-433,2254,-466,-57,2575,-523,488,2273,1,0,0
-334,-334,2281,-439,842,2415,886,-745,2817,1,0,0
-916,-916,2683,-518,722,2345,-349,-560,2463,1,0,0
-282,-282,2122,-358,-135,2372,-528,138,2418,1,0,0
-314,-314,2269,-240,-496,2443,-312,563,2364,1,0,0
-309,-309,2219,-360,-499,2393,-449,886,2429,1,0,0
-220,-220,2037,-456,213,2297,-500,739,2299,1,0,0
-86,-86,2225,-369,1072,2190,-499,-55,2321,1,0,0
-647,-647,2152,-512,772,2369,-374,-852,2448,1,0,0
-448,-448,2263,-341,-412,2190,-469,-114,2262,1,0,0
-498,-498,2292,-359,-767,2364,-260,643,2357,1,0,0
-417,-417,2224,-468,-222,2324,-397,875,2404,1,0,0
-134,-134,2282,-297,760,2384,-340,211,2197,1,0,0
-321,-321,2378,-416,1117,2378,-394,-428,2379,1,0,0
-370,-370,2551,-386,678,2383,-37,-442,2275,1,0,0
-231,-231,2179,-476,-443,2330,-416,-100,2487,1,0,0
-424,-424,2283,-203,-305,2366,-153,952,2216,1,0,0
-338,-338,2251,-501,4,2339,-398,1023,2342,1,0,0
-227,-227,2284,-363,770,2320,-415,288,2320,1,0,0
-286,-286,2344,-138,1374,2239,-394,-298,2716,1,0,0
-388,-388,2461,-447,795,2356,-326,-705,2456,1,0,0
-439,-439,2136,-222,-246,2172,-380,-32,2480,1,0,0
-507,-507,2446,-368,-637,2393,-432,957,2199,1,0,0
-522,-522,2210,-284,-325,2279,-518,1220,2253,1,0,0
-412,-412,2082,-513,249,2252,-374,1102,2287,1,0,0
-355,-355,2489,-498,961,2223,-611,124,2182,1,0,0
-580,-580,2318,-393,1421,2253,-337,-715,2262,1,0,0
-399,-399,2453,-507,667,2257,-151,-639,2267,1,0,0
-396,-396,2306,-465,337,2284,-497,-276,2508,1,0,0
-440,-440,2375,-258,-684,2191,-379,387,2198,1,0,0
-354,-354,2263,-249,-730,2250,-346,737,2209,1,0,0
-448,-448,2226,-410,-227,2421,-305,602,2339,1,0,0
-517,-517,2231,-369,-427,2308,-455,1214,2338,1,0,0
-204,-204,2163,-300,-40,2302,-343,909,2435,1,0,0
-253,-253,2393,-401,381,2229,-487,757,2292,1,0,0
-204,-204,2182,-426,755,2410,-621,594,2139,1,0,0
-337,-337,2383,-466,970,2241,-481,115,2311,1,0,0
-335,-335,2326,-363,917,2253,-187,-239,2207,1,0,0
-223,-223,2789,-355,981,2290,-325,-1075,2212,1,0,0
-445,-445,2277,-482,314,2257,-558,-816,2290,1,0,0
-472,-472,2118,-283,-529,2312,-443,241,2285,1,0,0
-505,-505,2240,21,-1062,2111,-545,769,2379,1,0,0
-785,-785,2560,-428,-197,2274,-629,1128,2241,1,0,0
-264,-264,2122,-418,870,2457,-502,374,2254,1,0,0
-318,-318,2319,-521,1128,2352,-254,-956,2300,1,0,0
-416,-416,2280,-722,503,2234,-533,-468,2264,1,0,0
-504,-504,2436,-310,-896,2413,-449,763,2017,1,0,0
-495,-495,2316,-280,-531,2362,-608,1390,2275,1,0,0
-100,-100,2230,-625,493,2405,-582,700,2558,1,0,0
-283,-283,2417,-417,924,2313,-335,-268,2134,1,0,0
-444,-444,2283,-571,910,2180,-396,-847,2272,1,0,0
-500,-500,2243,-221,-139,2402,-381,117,2354,1,0,0
-457,-457,2651,-405,-963,2560,-430,811,2382,1,0,0
-349,-349,2223,-375,-270,2413,-393,1213,2635,1,0,0
-134,-134,2209,-369,-80,2107,-428,730,2511,1,0,0
-129,-129,2195,-456,899,2207,-523,-182,2287,1,0,0
-346,-346,2336,-425,1157,2146,-181,-1128,2280,1,0,0
-388,-388,2222,-421,21,2266,-238,-174,2474,1,0,0
-511,-511,2495,59,-591,2149,-149,409,2397,1,0,0
-584,-584,2368,-38,-807,2289,-626,1000,2399,1,0,0
-460,-460,2316,-486,-385,2478,-431,917,2387,1,0,0
-106,-106,2060,-303,325,2434,-408,448,2166,1,0,0
-284,-284,2515,-283,1144,2354,-137,-883,2263,1,0,0
-192,-192,2254,-219,97,2272,-150,-437,2403,1,0,0
-271,-271,2597,-111,-704,2154,-374,202,2092,1,0,0
-308,-308,2242,-48,-763,2370,-28,1053,2505,1,0,0
-353,-353,2266,-296,-357,2234,-296,1093,2324,1,0,0
-48,-48,2204,-361,174,2318,-331,622,2240,1,0,0
-90,-90,2508,-446,788,2392,-247,-56,2068,1,0,0
-260,-260,2293,-449,953,2342,-52,-805,2340,1,0,0
-288,-288,2236,-292,-45,2363,-197,-503,2354,1,0,0
-415,-415,2458,-17,-890,2726,-317,431,2573,1,0,0
-140,-140,2458,-443,1387,2562,-287,-995,2134,1,0,0
-297,-297,2233,-317,457,2393,7,-994,2362,1,0,0
-544,-544,3256,-140,-382,2061,-210,-262,2311,1,0,0
-382,-382,2529,-294,-817,2540,-446,814,2142,1,0,0
-349,-349,2392,-252,-657,2407,-390,1117,2456,1,0,0
-328,-328,2016,-188,-203,2136,-283,1345,2256,1,0,0
-177,-177,2223,-409,375,2299,-427,476,2449,1,0,0
-73,-73,2196,-471,1315,2506,-306,-518,2164,1,0,0
-399,-399,2381,-448,638,2528,-220,-822,2235,1,0,0
-393,-393,2135,-329,99,2149,-160,-708,2415,1,0,0
-354,-354,2426,-319,-842,2149,-332,31,2420,1,0,0
-370,-370,2396,-219,-1213,2145,-387,935,2410,1,0,0
-238,-238,2150,-253,-81,2159,-527,781,2452,1,0,0
-18,-18,2261,-387,1301,2439,-214,-742,2150,1,0,0
-453,-453,2431,-413,670,2483,-18,-1098,2442,1,0,0
-323,-323,2216,-201,-338,2530,-298,-307,2439,1,0,0
-477,-477,2601,64,-905,2246,-261,1526,2387,1,0,0
-204,-204,2115,-284,168,2166,-400,660,2059,1,0,0
-135,-135,2308,-290,1236,2438,-214,-291,2210,1,0,0
-392,-392,2274,-436,967,2628,-284,-1408,2148,1,0,0
-427,-427,2570,-648,162,2447,-346,-362,2359,1,0,0
-291,-291,2435,-141,-924,1984,-388,271,2323,1,0,0
-510,-510,2293,69,-994,2218,-199,1105,2315,1,0,0
31,31,2044,-115,14,2116,-516,859,2657,1,0,0
180,180,2496,-335,766,2323,-314,-284,2326,1,0,0
-484,-484,2292,-560,920,2239,170,-1021,2314,1,0,0
-267,-267,2382,-262,-495,2255,-409,-333,2195,1,0,0
-530,-530,2569,-166,-894,2321,-464,573,2319,1,0,0
-806,-806,2268,-305,-33,2424,-533,867,2480,1,0,0
-299,-299,2462,-342,511,2203,-369,364,2064,1,0,0
-342,-342,2243,-186,489,2055,-485,-264,2317,1,0,0
-614,-614,2526,-456,867,2436,-389,-703,2196,1,0,0
-254,-254,2021,-418,228,2325,-198,-183,2374,1,0,0
